[{"model": "admin.logentry", "pk": 1, "fields": {"action_time": "2024-03-25T19:57:06.041Z", "user": 1, "content_type": 8, "object_id": "1", "object_repr": "Куртка осенняя (кожа) (Куртка осенняя (кожа))", "action_flag": 1, "change_message": "[{\"added\": {}}]"}}, {"model": "admin.logentry", "pk": 2, "fields": {"action_time": "2024-03-25T19:58:14.387Z", "user": 1, "content_type": 8, "object_id": "2", "object_repr": "Кроссовки осенние (р.42)", "action_flag": 1, "change_message": "[{\"added\": {}}]"}}, {"model": "admin.logentry", "pk": 3, "fields": {"action_time": "2024-03-25T19:59:23.433Z", "user": 1, "content_type": 8, "object_id": "3", "object_repr": "Сумка дамская (Сумка дамская плетеная)", "action_flag": 1, "change_message": "[{\"added\": {}}]"}}, {"model": "admin.logentry", "pk": 4, "fields": {"action_time": "2024-03-26T20:05:04.959Z", "user": 1, "content_type": 8, "object_id": "3", "object_repr": "Сумка дамская (Сумка дамская плетеная)", "action_flag": 3, "change_message": ""}}, {"model": "admin.logentry", "pk": 5, "fields": {"action_time": "2024-03-26T20:05:04.976Z", "user": 1, "content_type": 8, "object_id": "2", "object_repr": "Кроссовки осенние (р.42)", "action_flag": 3, "change_message": ""}}, {"model": "admin.logentry", "pk": 6, "fields": {"action_time": "2024-03-26T20:05:04.976Z", "user": 1, "content_type": 8, "object_id": "1", "object_repr": "Куртка осенняя (кожа) (Куртка осенняя (кожа))", "action_flag": 3, "change_message": ""}}, {"model": "admin.logentry", "pk": 7, "fields": {"action_time": "2024-03-26T20:05:16.259Z", "user": 1, "content_type": 7, "object_id": "3", "object_repr": "Прочее", "action_flag": 3, "change_message": ""}}, {"model": "admin.logentry", "pk": 8, "fields": {"action_time": "2024-03-26T20:05:16.259Z", "user": 1, "content_type": 7, "object_id": "2", "object_repr": "Обувь", "action_flag": 3, "change_message": ""}}, {"model": "admin.logentry", "pk": 9, "fields": {"action_time": "2024-03-26T20:05:16.259Z", "user": 1, "content_type": 7, "object_id": "1", "object_repr": "Одежда", "action_flag": 3, "change_message": ""}}, {"model": "admin.logentry", "pk": 10, "fields": {"action_time": "2024-03-27T14:02:00.490Z", "user": 1, "content_type": 8, "object_id": "4", "object_repr": "Кроссовки летние (кроссовки, верх сеточка)", "action_flag": 1, "change_message": "[{\"added\": {}}]"}}, {"model": "admin.logentry", "pk": 11, "fields": {"action_time": "2024-03-27T14:03:29.868Z", "user": 1, "content_type": 8, "object_id": "5", "object_repr": "Толстовка (Толстовка цвет хаки)", "action_flag": 1, "change_message": "[{\"added\": {}}]"}}, {"model": "admin.logentry", "pk": 12, "fields": {"action_time": "2024-03-27T14:04:25.364Z", "user": 1, "content_type": 8, "object_id": "6", "object_repr": "Вешалка (Вешалка для одежды)", "action_flag": 1, "change_message": "[{\"added\": {}}]"}}, {"model": "admin.logentry", "pk": 13, "fields": {"action_time": "2024-03-27T14:19:26.605Z", "user": 1, "content_type": 8, "object_id": "6", "object_repr": "Вешалка (Вешалка для одежды)", "action_flag": 3, "change_message": ""}}, {"model": "admin.logentry", "pk": 14, "fields": {"action_time": "2024-03-27T14:19:26.607Z", "user": 1, "content_type": 8, "object_id": "5", "object_repr": "Толстовка (Толстовка цвет хаки)", "action_flag": 3, "change_message": ""}}, {"model": "admin.logentry", "pk": 15, "fields": {"action_time": "2024-03-27T14:19:26.607Z", "user": 1, "content_type": 8, "object_id": "4", "object_repr": "Кроссовки летние (кроссовки, верх сеточка)", "action_flag": 3, "change_message": ""}}, {"model": "admin.logentry", "pk": 16, "fields": {"action_time": "2024-03-27T14:19:26.607Z", "user": 1, "content_type": 8, "object_id": "3", "object_repr": "Сумка дамская (Сумка дамская плетеная)", "action_flag": 3, "change_message": ""}}, {"model": "admin.logentry", "pk": 17, "fields": {"action_time": "2024-03-27T14:19:26.607Z", "user": 1, "content_type": 8, "object_id": "2", "object_repr": "Кроссовки осенние (р.42)", "action_flag": 3, "change_message": ""}}, {"model": "admin.logentry", "pk": 18, "fields": {"action_time": "2024-03-27T14:19:26.607Z", "user": 1, "content_type": 8, "object_id": "1", "object_repr": "Куртка осенняя (кожа) (Куртка осенняя (кожа))", "action_flag": 3, "change_message": ""}}, {"model": "admin.logentry", "pk": 19, "fields": {"action_time": "2024-03-27T14:19:41.739Z", "user": 1, "content_type": 7, "object_id": "3", "object_repr": "Прочее", "action_flag": 3, "change_message": ""}}, {"model": "admin.logentry", "pk": 20, "fields": {"action_time": "2024-03-27T14:19:41.739Z", "user": 1, "content_type": 7, "object_id": "2", "object_repr": "Обувь", "action_flag": 3, "change_message": ""}}, {"model": "admin.logentry", "pk": 21, "fields": {"action_time": "2024-03-27T14:19:41.739Z", "user": 1, "content_type": 7, "object_id": "1", "object_repr": "Одежда", "action_flag": 3, "change_message": ""}}, {"model": "admin.logentry", "pk": 22, "fields": {"action_time": "2024-03-27T15:08:00.723Z", "user": 1, "content_type": 9, "object_id": "1", "object_repr": "ООО \"Наш магазин\"", "action_flag": 1, "change_message": "[{\"added\": {}}]"}}, {"model": "admin.logentry", "pk": 23, "fields": {"action_time": "2024-04-03T19:06:32.916Z", "user": 1, "content_type": 8, "object_id": "7", "object_repr": "Вешалка из дерева (Вешалка для одежды (дерево))", "action_flag": 1, "change_message": "[{\"added\": {}}]"}}, {"model": "admin.logentry", "pk": 24, "fields": {"action_time": "2024-04-03T19:09:49.949Z", "user": 1, "content_type": 8, "object_id": "7", "object_repr": "Вешалка из дерева (Вешалка для одежды (дерево))", "action_flag": 3, "change_message": ""}}, {"model": "admin.logentry", "pk": 25, "fields": {"action_time": "2024-04-03T19:10:41.213Z", "user": 1, "content_type": 8, "object_id": "8", "object_repr": "Вешалка из дерева (Вешалка для одежды (дерево))", "action_flag": 1, "change_message": "[{\"added\": {}}]"}}, {"model": "admin.logentry", "pk": 26, "fields": {"action_time": "2024-04-03T19:30:25.772Z", "user": 1, "content_type": 8, "object_id": "6", "object_repr": "Вешалка (Вешалка для одежды)", "action_flag": 3, "change_message": ""}}, {"model": "admin.logentry", "pk": 27, "fields": {"action_time": "2024-04-03T19:31:29.908Z", "user": 1, "content_type": 8, "object_id": "9", "object_repr": "Вешалка (Вешалка из пластика черная)", "action_flag": 1, "change_message": "[{\"added\": {}}]"}}, {"model": "admin.logentry", "pk": 28, "fields": {"action_time": "2024-04-09T19:09:33.473Z", "user": 1, "content_type": 8, "object_id": "11", "object_repr": "Щетка (щетка для обуви)", "action_flag": 3, "change_message": ""}}, {"model": "admin.logentry", "pk": 29, "fields": {"action_time": "2024-04-10T19:07:53.434Z", "user": 1, "content_type": 10, "object_id": "1", "object_repr": "Проба пера!", "action_flag": 1, "change_message": "[{\"added\": {}}]"}}, {"model": "admin.logentry", "pk": 30, "fields": {"action_time": "2024-04-10T20:38:28.841Z", "user": 1, "content_type": 10, "object_id": "2", "object_repr": "Вторая запись блога", "action_flag": 1, "change_message": "[{\"added\": {}}]"}}, {"model": "admin.logentry", "pk": 31, "fields": {"action_time": "2024-04-10T20:45:58.081Z", "user": 1, "content_type": 10, "object_id": "2", "object_repr": "Вторая запись блога", "action_flag": 2, "change_message": "[{\"changed\": {\"fields\": [\"\\u041e\\u043f\\u0443\\u0431\\u043b\\u0438\\u043a\\u043e\\u0432\\u0430\\u043d\\u043e\"]}}]"}}, {"model": "admin.logentry", "pk": 32, "fields": {"action_time": "2024-04-10T20:51:10.390Z", "user": 1, "content_type": 10, "object_id": "2", "object_repr": "Вторая запись блога", "action_flag": 2, "change_message": "[{\"changed\": {\"fields\": [\"\\u041e\\u043f\\u0443\\u0431\\u043b\\u0438\\u043a\\u043e\\u0432\\u0430\\u043d\\u043e\"]}}]"}}, {"model": "admin.logentry", "pk": 33, "fields": {"action_time": "2024-04-10T21:27:04.986Z", "user": 1, "content_type": 10, "object_id": "4", "object_repr": "Лорем Ипсум", "action_flag": 2, "change_message": "[{\"changed\": {\"fields\": [\"\\u041e\\u043f\\u0443\\u0431\\u043b\\u0438\\u043a\\u043e\\u0432\\u0430\\u043d\\u043e\", \"\\u0410\\u0432\\u0442\\u043e\\u0440\"]}}]"}}, {"model": "admin.logentry", "pk": 34, "fields": {"action_time": "2024-04-24T19:18:37.931Z", "user": 1, "content_type": 11, "object_id": "1", "object_repr": "Прототип", "action_flag": 1, "change_message": "[{\"added\": {}}]"}}, {"model": "admin.logentry", "pk": 35, "fields": {"action_time": "2024-04-24T19:19:37.016Z", "user": 1, "content_type": 11, "object_id": "2", "object_repr": "Стандарт", "action_flag": 1, "change_message": "[{\"added\": {}}]"}}, {"model": "admin.logentry", "pk": 36, "fields": {"action_time": "2024-04-24T19:19:50.984Z", "user": 1, "content_type": 11, "object_id": "1", "object_repr": "Прототип", "action_flag": 2, "change_message": "[{\"changed\": {\"fields\": [\"\\u041f\\u0440\\u0438\\u0437\\u043d\\u0430\\u043a \\u0442\\u0435\\u043a\\u0443\\u0449\\u0435\\u0439 \\u0432\\u0435\\u0440\\u0441\\u0438\\u0438\"]}}]"}}, {"model": "admin.logentry", "pk": 37, "fields": {"action_time": "2024-04-24T19:21:18.555Z", "user": 1, "content_type": 11, "object_id": "3", "object_repr": "Премиум", "action_flag": 1, "change_message": "[{\"added\": {}}]"}}, {"model": "admin.logentry", "pk": 38, "fields": {"action_time": "2024-04-24T19:21:58.989Z", "user": 1, "content_type": 11, "object_id": "4", "object_repr": "Стандарт", "action_flag": 1, "change_message": "[{\"added\": {}}]"}}, {"model": "admin.logentry", "pk": 39, "fields": {"action_time": "2024-04-25T00:08:30.905Z", "user": 1, "content_type": 11, "object_id": "3", "object_repr": "Премиум", "action_flag": 2, "change_message": "[{\"changed\": {\"fields\": [\"\\u041f\\u0440\\u0438\\u0437\\u043d\\u0430\\u043a \\u0442\\u0435\\u043a\\u0443\\u0449\\u0435\\u0439 \\u0432\\u0435\\u0440\\u0441\\u0438\\u0438\"]}}]"}}, {"model": "admin.logentry", "pk": 40, "fields": {"action_time": "2024-04-25T00:08:52.461Z", "user": 1, "content_type": 11, "object_id": "5", "object_repr": "Стандарт", "action_flag": 1, "change_message": "[{\"added\": {}}]"}}, {"model": "admin.logentry", "pk": 41, "fields": {"action_time": "2024-04-25T00:09:21.748Z", "user": 1, "content_type": 11, "object_id": "6", "object_repr": "Новинка", "action_flag": 1, "change_message": "[{\"added\": {}}]"}}, {"model": "admin.logentry", "pk": 42, "fields": {"action_time": "2024-04-25T18:21:03.422Z", "user": 1, "content_type": 11, "object_id": "9", "object_repr": "Пробная", "action_flag": 1, "change_message": "[{\"added\": {}}]"}}, {"model": "admin.logentry", "pk": 43, "fields": {"action_time": "2024-04-25T18:30:47.436Z", "user": 1, "content_type": 11, "object_id": "12", "object_repr": "Стандарт", "action_flag": 1, "change_message": "[{\"added\": {}}]"}}, {"model": "admin.logentry", "pk": 44, "fields": {"action_time": "2024-04-25T18:49:07.286Z", "user": 1, "content_type": 11, "object_id": "11", "object_repr": "", "action_flag": 3, "change_message": ""}}, {"model": "admin.logentry", "pk": 45, "fields": {"action_time": "2024-04-25T18:49:25.934Z", "user": 1, "content_type": 11, "object_id": "1", "object_repr": "Прототип", "action_flag": 2, "change_message": "[{\"changed\": {\"fields\": [\"\\u041f\\u0440\\u0438\\u0437\\u043d\\u0430\\u043a \\u0442\\u0435\\u043a\\u0443\\u0449\\u0435\\u0439 \\u0432\\u0435\\u0440\\u0441\\u0438\\u0438\"]}}]"}}, {"model": "admin.logentry", "pk": 46, "fields": {"action_time": "2024-04-25T18:49:31.034Z", "user": 1, "content_type": 11, "object_id": "8", "object_repr": "Ультра", "action_flag": 2, "change_message": "[{\"changed\": {\"fields\": [\"\\u041f\\u0440\\u0438\\u0437\\u043d\\u0430\\u043a \\u0442\\u0435\\u043a\\u0443\\u0449\\u0435\\u0439 \\u0432\\u0435\\u0440\\u0441\\u0438\\u0438\"]}}]"}}, {"model": "admin.logentry", "pk": 47, "fields": {"action_time": "2024-04-25T19:18:47.077Z", "user": 1, "content_type": 11, "object_id": "14", "object_repr": "", "action_flag": 3, "change_message": ""}}, {"model": "admin.logentry", "pk": 48, "fields": {"action_time": "2024-05-03T20:07:20.610Z", "user": 1, "content_type": 12, "object_id": "4", "object_repr": "vilkov-l-nn@mail.ru", "action_flag": 3, "change_message": ""}}, {"model": "admin.logentry", "pk": 49, "fields": {"action_time": "2024-05-03T20:57:57.895Z", "user": 1, "content_type": 12, "object_id": "5", "object_repr": "vilkov-l-nn@mail.ru", "action_flag": 3, "change_message": ""}}, {"model": "admin.logentry", "pk": 50, "fields": {"action_time": "2024-05-03T21:07:57.659Z", "user": 1, "content_type": 12, "object_id": "6", "object_repr": "vilkov-l-nn@mail.ru", "action_flag": 3, "change_message": ""}}, {"model": "admin.logentry", "pk": 51, "fields": {"action_time": "2024-05-03T21:38:29.536Z", "user": 1, "content_type": 12, "object_id": "7", "object_repr": "vilkov-l-nn@mail.ru", "action_flag": 3, "change_message": ""}}, {"model": "admin.logentry", "pk": 52, "fields": {"action_time": "2024-05-03T21:43:40.731Z", "user": 1, "content_type": 12, "object_id": "8", "object_repr": "vilkov-l-nn@mail.ru", "action_flag": 3, "change_message": ""}}, {"model": "admin.logentry", "pk": 53, "fields": {"action_time": "2024-05-04T19:11:17.579Z", "user": 1, "content_type": 12, "object_id": "9", "object_repr": "vilkov-l-nn@mail.ru", "action_flag": 3, "change_message": ""}}, {"model": "admin.logentry", "pk": 54, "fields": {"action_time": "2024-05-06T12:05:15.477Z", "user": 1, "content_type": 3, "object_id": "1", "object_repr": "product_moderator", "action_flag": 1, "change_message": "[{\"added\": {}}]"}}, {"model": "admin.logentry", "pk": 55, "fields": {"action_time": "2024-05-06T12:49:12.815Z", "user": 1, "content_type": 3, "object_id": "1", "object_repr": "product_moderator", "action_flag": 2, "change_message": "[{\"changed\": {\"fields\": [\"Permissions\"]}}]"}}, {"model": "admin.logentry", "pk": 56, "fields": {"action_time": "2024-05-06T12:58:46.198Z", "user": 1, "content_type": 3, "object_id": "1", "object_repr": "product_moderator", "action_flag": 2, "change_message": "[]"}}, {"model": "admin.logentry", "pk": 57, "fields": {"action_time": "2024-05-06T13:14:46.968Z", "user": 1, "content_type": 3, "object_id": "1", "object_repr": "product_moderator", "action_flag": 3, "change_message": ""}}, {"model": "admin.logentry", "pk": 58, "fields": {"action_time": "2024-05-06T13:27:50.991Z", "user": 1, "content_type": 3, "object_id": "2", "object_repr": "product_moderator", "action_flag": 1, "change_message": "[{\"added\": {}}]"}}, {"model": "admin.logentry", "pk": 59, "fields": {"action_time": "2024-05-06T13:28:20.989Z", "user": 1, "content_type": 12, "object_id": "11", "object_repr": "vilkova-l-nn@mail.ru", "action_flag": 2, "change_message": "[{\"changed\": {\"fields\": [\"Groups\", \"Staff status\"]}}]"}}, {"model": "admin.logentry", "pk": 60, "fields": {"action_time": "2024-05-06T14:18:00.191Z", "user": 1, "content_type": 12, "object_id": "11", "object_repr": "vilkova-l-nn@mail.ru", "action_flag": 2, "change_message": "[{\"changed\": {\"fields\": [\"Staff status\"]}}]"}}, {"model": "admin.logentry", "pk": 61, "fields": {"action_time": "2024-05-06T17:41:08.670Z", "user": 1, "content_type": 12, "object_id": "11", "object_repr": "vilkova-l-nn@mail.ru", "action_flag": 2, "change_message": "[{\"changed\": {\"fields\": [\"Staff status\"]}}]"}}, {"model": "admin.logentry", "pk": 62, "fields": {"action_time": "2024-05-06T17:53:07.528Z", "user": 1, "content_type": 12, "object_id": "11", "object_repr": "vilkova-l-nn@mail.ru", "action_flag": 2, "change_message": "[]"}}, {"model": "admin.logentry", "pk": 63, "fields": {"action_time": "2024-05-06T18:06:53.708Z", "user": 1, "content_type": 3, "object_id": "2", "object_repr": "product_moderator", "action_flag": 2, "change_message": "[]"}}, {"model": "admin.logentry", "pk": 64, "fields": {"action_time": "2024-05-06T18:07:27.213Z", "user": 1, "content_type": 12, "object_id": "10", "object_repr": "vilkov-l-nn@mail.ru", "action_flag": 2, "change_message": "[{\"changed\": {\"fields\": [\"Groups\", \"Staff status\"]}}]"}}, {"model": "admin.logentry", "pk": 65, "fields": {"action_time": "2024-05-06T19:36:32.347Z", "user": 1, "content_type": 8, "object_id": "10", "object_repr": "Полка (Полка для ключей)", "action_flag": 2, "change_message": "[{\"changed\": {\"fields\": [\"\\u041f\\u0440\\u0438\\u0437\\u043d\\u0430\\u043a \\u043f\\u0443\\u0431\\u043b\\u0438\\u043a\\u0430\\u0446\\u0438\\u0438\"]}}]"}}, {"model": "admin.logentry", "pk": 66, "fields": {"action_time": "2024-05-06T19:36:37.881Z", "user": 1, "content_type": 8, "object_id": "11", "object_repr": "Столик (Столик металлический)", "action_flag": 2, "change_message": "[{\"changed\": {\"fields\": [\"\\u041f\\u0440\\u0438\\u0437\\u043d\\u0430\\u043a \\u043f\\u0443\\u0431\\u043b\\u0438\\u043a\\u0430\\u0446\\u0438\\u0438\"]}}]"}}, {"model": "admin.logentry", "pk": 67, "fields": {"action_time": "2024-05-06T19:36:47.590Z", "user": 1, "content_type": 8, "object_id": "9", "object_repr": "Вешалка (Вешалка из пластика черная)", "action_flag": 2, "change_message": "[{\"changed\": {\"fields\": [\"\\u041f\\u0440\\u0438\\u0437\\u043d\\u0430\\u043a \\u043f\\u0443\\u0431\\u043b\\u0438\\u043a\\u0430\\u0446\\u0438\\u0438\"]}}]"}}, {"model": "admin.logentry", "pk": 68, "fields": {"action_time": "2024-05-06T19:36:53.714Z", "user": 1, "content_type": 8, "object_id": "8", "object_repr": "Вешалка из дерева (Вешалка для одежды (дерево))", "action_flag": 2, "change_message": "[{\"changed\": {\"fields\": [\"\\u041f\\u0440\\u0438\\u0437\\u043d\\u0430\\u043a \\u043f\\u0443\\u0431\\u043b\\u0438\\u043a\\u0430\\u0446\\u0438\\u0438\"]}}]"}}, {"model": "admin.logentry", "pk": 69, "fields": {"action_time": "2024-05-06T19:37:06.062Z", "user": 1, "content_type": 8, "object_id": "4", "object_repr": "Кроссовки летние (кроссовки, верх сеточка)", "action_flag": 2, "change_message": "[{\"changed\": {\"fields\": [\"\\u041f\\u0440\\u0438\\u0437\\u043d\\u0430\\u043a \\u043f\\u0443\\u0431\\u043b\\u0438\\u043a\\u0430\\u0446\\u0438\\u0438\"]}}]"}}, {"model": "admin.logentry", "pk": 70, "fields": {"action_time": "2024-05-06T19:37:10.180Z", "user": 1, "content_type": 8, "object_id": "3", "object_repr": "Сумка дамская (Сумка дамская плетеная)", "action_flag": 2, "change_message": "[{\"changed\": {\"fields\": [\"\\u041f\\u0440\\u0438\\u0437\\u043d\\u0430\\u043a \\u043f\\u0443\\u0431\\u043b\\u0438\\u043a\\u0430\\u0446\\u0438\\u0438\"]}}]"}}, {"model": "admin.logentry", "pk": 71, "fields": {"action_time": "2024-05-06T19:37:18.228Z", "user": 1, "content_type": 8, "object_id": "2", "object_repr": "Кроссовки осенние (р.42)", "action_flag": 2, "change_message": "[{\"changed\": {\"fields\": [\"\\u041f\\u0440\\u0438\\u0437\\u043d\\u0430\\u043a \\u043f\\u0443\\u0431\\u043b\\u0438\\u043a\\u0430\\u0446\\u0438\\u0438\"]}}]"}}, {"model": "admin.logentry", "pk": 72, "fields": {"action_time": "2024-05-06T19:48:17.888Z", "user": 1, "content_type": 12, "object_id": "11", "object_repr": "vilkova-l-nn@mail.ru", "action_flag": 2, "change_message": "[{\"changed\": {\"fields\": [\"User permissions\"]}}]"}}, {"model": "admin.logentry", "pk": 73, "fields": {"action_time": "2024-05-06T20:22:13.463Z", "user": 1, "content_type": 3, "object_id": "3", "object_repr": "blog_manager", "action_flag": 1, "change_message": "[{\"added\": {}}]"}}, {"model": "admin.logentry", "pk": 74, "fields": {"action_time": "2024-05-06T20:22:58.137Z", "user": 1, "content_type": 12, "object_id": "10", "object_repr": "vilkov-l-nn@mail.ru", "action_flag": 2, "change_message": "[{\"changed\": {\"fields\": [\"Groups\"]}}]"}}, {"model": "admin.logentry", "pk": 75, "fields": {"action_time": "2024-05-06T20:26:35.616Z", "user": 1, "content_type": 12, "object_id": "10", "object_repr": "vilkov-l-nn@mail.ru", "action_flag": 2, "change_message": "[{\"changed\": {\"fields\": [\"Groups\", \"User permissions\"]}}]"}}, {"model": "admin.logentry", "pk": 80, "fields": {"action_time": "2024-05-06T20:54:36.259Z", "user": 1, "content_type": 10, "object_id": "4", "object_repr": "Лорем Ипсум", "action_flag": 3, "change_message": ""}}, {"model": "admin.logentry", "pk": 81, "fields": {"action_time": "2024-05-06T20:55:26.791Z", "user": 1, "content_type": 10, "object_id": "5", "object_repr": "Четвертая запись", "action_flag": 2, "change_message": "[{\"changed\": {\"fields\": [\"\\u0421\\u043b\\u0430\\u0433\", \"\\u041e\\u043f\\u0443\\u0431\\u043b\\u0438\\u043a\\u043e\\u0432\\u0430\\u043d\\u043e\", \"\\u0410\\u0432\\u0442\\u043e\\u0440\"]}}]"}}, {"model": "admin.logentry", "pk": 82, "fields": {"action_time": "2024-05-07T14:19:31.991Z", "user": 1, "content_type": 12, "object_id": "11", "object_repr": "vilkova-l-nn@mail.ru", "action_flag": 2, "change_message": "[{\"changed\": {\"fields\": [\"User permissions\"]}}]"}}, {"model": "admin.logentry", "pk": 83, "fields": {"action_time": "2024-05-07T14:45:14.413Z", "user": 1, "content_type": 12, "object_id": "10", "object_repr": "vilkov-l-nn@mail.ru", "action_flag": 2, "change_message": "[]"}}, {"model": "admin.logentry", "pk": 84, "fields": {"action_time": "2024-05-07T16:22:01.161Z", "user": 1, "content_type": 12, "object_id": "10", "object_repr": "vilkov-l-nn@mail.ru", "action_flag": 2, "change_message": "[{\"changed\": {\"fields\": [\"User permissions\"]}}]"}}, {"model": "admin.logentry", "pk": 85, "fields": {"action_time": "2024-05-07T16:22:44.593Z", "user": 1, "content_type": 12, "object_id": "11", "object_repr": "vilkova-l-nn@mail.ru", "action_flag": 2, "change_message": "[]"}}, {"model": "admin.logentry", "pk": 86, "fields": {"action_time": "2024-05-07T16:23:26.756Z", "user": 1, "content_type": 8, "object_id": "9", "object_repr": "Вешалка (Вешалка из пластика черная)", "action_flag": 2, "change_message": "[{\"changed\": {\"fields\": [\"\\u0421\\u043e\\u0437\\u0434\\u0430\\u0442\\u0435\\u043b\\u044c\"]}}]"}}, {"model": "admin.logentry", "pk": 87, "fields": {"action_time": "2024-05-07T20:49:29.741Z", "user": 1, "content_type": 12, "object_id": "11", "object_repr": "vilkova-l-nn@mail.ru", "action_flag": 2, "change_message": "[{\"changed\": {\"fields\": [\"Groups\"]}}]"}}, {"model": "admin.logentry", "pk": 88, "fields": {"action_time": "2024-05-08T14:55:48.600Z", "user": 1, "content_type": 12, "object_id": "12", "object_repr": "user1@test.com", "action_flag": 1, "change_message": "[{\"added\": {}}]"}}, {"model": "admin.logentry", "pk": 89, "fields": {"action_time": "2024-05-08T14:56:48.944Z", "user": 1, "content_type": 12, "object_id": "13", "object_repr": "user2@test.com", "action_flag": 1, "change_message": "[{\"added\": {}}]"}}, {"model": "admin.logentry", "pk": 90, "fields": {"action_time": "2024-05-08T14:58:50.086Z", "user": 1, "content_type": 12, "object_id": "14", "object_repr": "user3@test.com", "action_flag": 1, "change_message": "[{\"added\": {}}]"}}, {"model": "admin.logentry", "pk": 93, "fields": {"action_time": "2024-05-09T11:00:26.741Z", "user": 1, "content_type": 12, "object_id": "10", "object_repr": "vilkov-l-nn@mail.ru", "action_flag": 3, "change_message": ""}}, {"model": "admin.logentry", "pk": 94, "fields": {"action_time": "2024-05-09T11:02:26.288Z", "user": 1, "content_type": 12, "object_id": "15", "object_repr": "admin@test.com", "action_flag": 1, "change_message": "[{\"added\": {}}]"}}, {"model": "admin.logentry", "pk": 95, "fields": {"action_time": "2024-05-09T11:05:02.069Z", "user": 1, "content_type": 10, "object_id": "1", "object_repr": "Проба пера!", "action_flag": 2, "change_message": "[{\"changed\": {\"fields\": [\"\\u0410\\u0432\\u0442\\u043e\\u0440\"]}}]"}}, {"model": "admin.logentry", "pk": 96, "fields": {"action_time": "2024-05-09T11:05:13.174Z", "user": 1, "content_type": 10, "object_id": "2", "object_repr": "Вторая запись блога", "action_flag": 2, "change_message": "[{\"changed\": {\"fields\": [\"\\u0410\\u0432\\u0442\\u043e\\u0440\"]}}]"}}, {"model": "admin.logentry", "pk": 97, "fields": {"action_time": "2024-05-09T11:05:22.523Z", "user": 1, "content_type": 10, "object_id": "3", "object_repr": "Третья запись", "action_flag": 2, "change_message": "[{\"changed\": {\"fields\": [\"\\u0410\\u0432\\u0442\\u043e\\u0440\"]}}]"}}, {"model": "admin.logentry", "pk": 98, "fields": {"action_time": "2024-05-09T11:05:31.012Z", "user": 1, "content_type": 10, "object_id": "5", "object_repr": "Четвертая запись", "action_flag": 2, "change_message": "[{\"changed\": {\"fields\": [\"\\u0410\\u0432\\u0442\\u043e\\u0440\"]}}]"}}, {"model": "admin.logentry", "pk": 99, "fields": {"action_time": "2024-05-09T11:05:39.122Z", "user": 1, "content_type": 10, "object_id": "6", "object_repr": "Пятая статья", "action_flag": 2, "change_message": "[{\"changed\": {\"fields\": [\"\\u0410\\u0432\\u0442\\u043e\\u0440\"]}}]"}}, {"model": "admin.logentry", "pk": 100, "fields": {"action_time": "2024-05-09T11:06:06.387Z", "user": 1, "content_type": 12, "object_id": "11", "object_repr": "vilkova-l-nn@mail.ru", "action_flag": 3, "change_message": ""}}, {"model": "auth.permission", "pk": 1, "fields": {"name": "Can add log entry", "content_type": 1, "codename": "add_logentry"}}, {"model": "auth.permission", "pk": 2, "fields": {"name": "Can change log entry", "content_type": 1, "codename": "change_logentry"}}, {"model": "auth.permission", "pk": 3, "fields": {"name": "Can delete log entry", "content_type": 1, "codename": "delete_logentry"}}, {"model": "auth.permission", "pk": 4, "fields": {"name": "Can view log entry", "content_type": 1, "codename": "view_logentry"}}, {"model": "auth.permission", "pk": 5, "fields": {"name": "Can add permission", "content_type": 2, "codename": "add_permission"}}, {"model": "auth.permission", "pk": 6, "fields": {"name": "Can change permission", "content_type": 2, "codename": "change_permission"}}, {"model": "auth.permission", "pk": 7, "fields": {"name": "Can delete permission", "content_type": 2, "codename": "delete_permission"}}, {"model": "auth.permission", "pk": 8, "fields": {"name": "Can view permission", "content_type": 2, "codename": "view_permission"}}, {"model": "auth.permission", "pk": 9, "fields": {"name": "Can add group", "content_type": 3, "codename": "add_group"}}, {"model": "auth.permission", "pk": 10, "fields": {"name": "Can change group", "content_type": 3, "codename": "change_group"}}, {"model": "auth.permission", "pk": 11, "fields": {"name": "Can delete group", "content_type": 3, "codename": "delete_group"}}, {"model": "auth.permission", "pk": 12, "fields": {"name": "Can view group", "content_type": 3, "codename": "view_group"}}, {"model": "auth.permission", "pk": 13, "fields": {"name": "Can add user", "content_type": 4, "codename": "add_user"}}, {"model": "auth.permission", "pk": 14, "fields": {"name": "Can change user", "content_type": 4, "codename": "change_user"}}, {"model": "auth.permission", "pk": 15, "fields": {"name": "Can delete user", "content_type": 4, "codename": "delete_user"}}, {"model": "auth.permission", "pk": 16, "fields": {"name": "Can view user", "content_type": 4, "codename": "view_user"}}, {"model": "auth.permission", "pk": 17, "fields": {"name": "Can add content type", "content_type": 5, "codename": "add_contenttype"}}, {"model": "auth.permission", "pk": 18, "fields": {"name": "Can change content type", "content_type": 5, "codename": "change_contenttype"}}, {"model": "auth.permission", "pk": 19, "fields": {"name": "Can delete content type", "content_type": 5, "codename": "delete_contenttype"}}, {"model": "auth.permission", "pk": 20, "fields": {"name": "Can view content type", "content_type": 5, "codename": "view_contenttype"}}, {"model": "auth.permission", "pk": 21, "fields": {"name": "Can add session", "content_type": 6, "codename": "add_session"}}, {"model": "auth.permission", "pk": 22, "fields": {"name": "Can change session", "content_type": 6, "codename": "change_session"}}, {"model": "auth.permission", "pk": 23, "fields": {"name": "Can delete session", "content_type": 6, "codename": "delete_session"}}, {"model": "auth.permission", "pk": 24, "fields": {"name": "Can view session", "content_type": 6, "codename": "view_session"}}, {"model": "auth.permission", "pk": 25, "fields": {"name": "Can add категория", "content_type": 7, "codename": "add_category"}}, {"model": "auth.permission", "pk": 26, "fields": {"name": "Can change категория", "content_type": 7, "codename": "change_category"}}, {"model": "auth.permission", "pk": 27, "fields": {"name": "Can delete категория", "content_type": 7, "codename": "delete_category"}}, {"model": "auth.permission", "pk": 28, "fields": {"name": "Can view категория", "content_type": 7, "codename": "view_category"}}, {"model": "auth.permission", "pk": 29, "fields": {"name": "Can add товар", "content_type": 8, "codename": "add_product"}}, {"model": "auth.permission", "pk": 30, "fields": {"name": "Can change товар", "content_type": 8, "codename": "change_product"}}, {"model": "auth.permission", "pk": 31, "fields": {"name": "Can delete товар", "content_type": 8, "codename": "delete_product"}}, {"model": "auth.permission", "pk": 32, "fields": {"name": "Can view товар", "content_type": 8, "codename": "view_product"}}, {"model": "auth.permission", "pk": 33, "fields": {"name": "Can add наш контакт", "content_type": 9, "codename": "add_our_contact"}}, {"model": "auth.permission", "pk": 34, "fields": {"name": "Can change наш контакт", "content_type": 9, "codename": "change_our_contact"}}, {"model": "auth.permission", "pk": 35, "fields": {"name": "Can delete наш контакт", "content_type": 9, "codename": "delete_our_contact"}}, {"model": "auth.permission", "pk": 36, "fields": {"name": "Can view наш контакт", "content_type": 9, "codename": "view_our_contact"}}, {"model": "auth.permission", "pk": 37, "fields": {"name": "Can add наш контакт", "content_type": 9, "codename": "add_ourcontact"}}, {"model": "auth.permission", "pk": 38, "fields": {"name": "Can change наш контакт", "content_type": 9, "codename": "change_ourcontact"}}, {"model": "auth.permission", "pk": 39, "fields": {"name": "Can delete наш контакт", "content_type": 9, "codename": "delete_ourcontact"}}, {"model": "auth.permission", "pk": 40, "fields": {"name": "Can view наш контакт", "content_type": 9, "codename": "view_ourcontact"}}, {"model": "auth.permission", "pk": 41, "fields": {"name": "Can add запись", "content_type": 10, "codename": "add_post"}}, {"model": "auth.permission", "pk": 42, "fields": {"name": "Can change запись", "content_type": 10, "codename": "change_post"}}, {"model": "auth.permission", "pk": 43, "fields": {"name": "Can delete запись", "content_type": 10, "codename": "delete_post"}}, {"model": "auth.permission", "pk": 44, "fields": {"name": "Can view запись", "content_type": 10, "codename": "view_post"}}, {"model": "auth.permission", "pk": 45, "fields": {"name": "Can add версия", "content_type": 11, "codename": "add_version"}}, {"model": "auth.permission", "pk": 46, "fields": {"name": "Can change версия", "content_type": 11, "codename": "change_version"}}, {"model": "auth.permission", "pk": 47, "fields": {"name": "Can delete версия", "content_type": 11, "codename": "delete_version"}}, {"model": "auth.permission", "pk": 48, "fields": {"name": "Can view версия", "content_type": 11, "codename": "view_version"}}, {"model": "auth.permission", "pk": 49, "fields": {"name": "Can add user", "content_type": 12, "codename": "add_user"}}, {"model": "auth.permission", "pk": 50, "fields": {"name": "Can change user", "content_type": 12, "codename": "change_user"}}, {"model": "auth.permission", "pk": 51, "fields": {"name": "Can delete user", "content_type": 12, "codename": "delete_user"}}, {"model": "auth.permission", "pk": 52, "fields": {"name": "Can view user", "content_type": 12, "codename": "view_user"}}, {"model": "auth.permission", "pk": 53, "fields": {"name": "Can add site", "content_type": 13, "codename": "add_site"}}, {"model": "auth.permission", "pk": 54, "fields": {"name": "Can change site", "content_type": 13, "codename": "change_site"}}, {"model": "auth.permission", "pk": 55, "fields": {"name": "Can delete site", "content_type": 13, "codename": "delete_site"}}, {"model": "auth.permission", "pk": 56, "fields": {"name": "Can view site", "content_type": 13, "codename": "view_site"}}, {"model": "auth.permission", "pk": 57, "fields": {"name": "Может публиковать товар", "content_type": 8, "codename": "set_published_status"}}, {"model": "auth.permission", "pk": 58, "fields": {"name": "Может изменять описание товара", "content_type": 8, "codename": "change_description"}}, {"model": "auth.permission", "pk": 59, "fields": {"name": "Может изменять категорию товара", "content_type": 8, "codename": "change_category"}}, {"model": "auth.permission", "pk": 60, "fields": {"name": "Can set published status", "content_type": 10, "codename": "set_published_status"}}, {"model": "auth.group", "pk": 2, "fields": {"name": "product_moderator", "permissions": [29, 59, 58, 30, 31, 57, 32]}}, {"model": "auth.group", "pk": 3, "fields": {"name": "blog_manager", "permissions": [60]}}, {"model": "contenttypes.contenttype", "pk": 1, "fields": {"app_label": "admin", "model": "logentry"}}, {"model": "contenttypes.contenttype", "pk": 2, "fields": {"app_label": "auth", "model": "permission"}}, {"model": "contenttypes.contenttype", "pk": 3, "fields": {"app_label": "auth", "model": "group"}}, {"model": "contenttypes.contenttype", "pk": 4, "fields": {"app_label": "auth", "model": "user"}}, {"model": "contenttypes.contenttype", "pk": 5, "fields": {"app_label": "contenttypes", "model": "contenttype"}}, {"model": "contenttypes.contenttype", "pk": 6, "fields": {"app_label": "sessions", "model": "session"}}, {"model": "contenttypes.contenttype", "pk": 7, "fields": {"app_label": "catalog", "model": "category"}}, {"model": "contenttypes.contenttype", "pk": 8, "fields": {"app_label": "catalog", "model": "product"}}, {"model": "contenttypes.contenttype", "pk": 9, "fields": {"app_label": "catalog", "model": "ourcontact"}}, {"model": "contenttypes.contenttype", "pk": 10, "fields": {"app_label": "blog", "model": "post"}}, {"model": "contenttypes.contenttype", "pk": 11, "fields": {"app_label": "catalog", "model": "version"}}, {"model": "contenttypes.contenttype", "pk": 12, "fields": {"app_label": "users", "model": "user"}}, {"model": "contenttypes.contenttype", "pk": 13, "fields": {"app_label": "sites", "model": "site"}}, {"model": "sessions.session", "pk": "iuixe2gpu5yuts29ezpnj424csq1s0ol", "fields": {"session_data": "e30:1s30Aw:hOo1uziVS91_Z1fL_xUSnwi_9UPeh8cL9iDpyBiNZbE", "expire_date": "2024-05-17T21:10:38.096Z"}}, {"model": "sessions.session", "pk": "rukad3bojp3gkmrirn5ndfxqyrg7e1et", "fields": {"session_data": ".eJxVjEEOwiAQRe_C2hCmIGVcuvcMDcxMpWogKe3KeHdD0oVu_3vvv9UU9y1Pe5N1WlhdFKjT75YiPaV0wI9Y7lVTLdu6JN0VfdCmb5XldT3cv4McW-61w9l4sAkJQjAWmAnEY5wNh4FwiM4kPyYSdNYFQevSiHAmsYEBSH2-2zU3pw:1rpD1g:IcA8HFantntOeA9pDVOGuRPluBTflXTd28dkIeoOybE", "expire_date": "2024-04-09T20:04:04.929Z"}}, {"model": "sessions.session", "pk": "tiyc6vndy97vwk5exmh525g6ho9ck221", "fields": {"session_data": ".eJxVjEEOwiAQRe_C2hCmIGVcuvcMDcxMpWogKe3KeHdD0oVu_3vvv9UU9y1Pe5N1WlhdFKjT75YiPaV0wI9Y7lVTLdu6JN0VfdCmb5XldT3cv4McW-61w9l4sAkJQjAWmAnEY5wNh4FwiM4kPyYSdNYFQevSiHAmsYEBSH2-2zU3pw:1rudGR:Z1PjCLjP_8Keby166WzsbNvpYejrIWkZC8ByStjO9Wk", "expire_date": "2024-04-24T19:05:43.410Z"}}, {"model": "sessions.session", "pk": "ttpyzq9q4223uwqvi5v3cpl2jb5t6zkc", "fields": {"session_data": "e30:1s2zKA:U7gDFOe8plNnAnUGxL3tKEzUZEgkM_p5hWIHFGZdHno", "expire_date": "2024-05-17T20:16:06.922Z"}}, {"model": "sessions.session", "pk": "tyaxyyzqmgysp740cz48txrt10uhqz8y", "fields": {"session_data": ".eJxVjMEOwiAQRP-FsyFLobD16L3fQGAXpGpoUtqT8d9tkx40mdO8N_MWPmxr8VtLi59YXIXS4vJbxkDPVA_Cj1Dvs6S5rssU5aHIkzY5zpxet9P9OyihlX1tEkMGbcmxVR0CwaCj7UwfEhMhUjTEiCrnIZIzRM6FPVr3BjABiM8XEU84Mw:1s546J:hkJ4yZE1kNwO1ObFhI3l-L4HgOJdA_ispLNSGOqcu_M", "expire_date": "2024-05-23T13:46:23.205Z"}}, {"model": "sessions.session", "pk": "xd2mluvz439k64178d1ztnr349xmqfeo", "fields": {"session_data": "e30:1s30dY:a786IuH5sDmnezZ7X5mY21AaQKBglC-cpLYPFfaHM_k", "expire_date": "2024-05-17T21:40:12.790Z"}}, {"model": "sites.site", "pk": 1, "fields": {"domain": "127.0.0.1:8000", "name": "127.0.0.1:8000"}}, {"model": "catalog.ourcontact", "pk": 1, "fields": {"title": "ООО \"Наш магазин\"", "country": "Россия", "inn": "522200000001", "address": "Нижний Новгород, ул. Совнаркомовская, д. 1", "phone": "8-831-455-55-55", "email": "info@our-store.ru"}}, {"model": "catalog.category", "pk": 1, "fields": {"name": "Одежда", "description": "товары категории \"Одежда\""}}, {"model": "catalog.category", "pk": 2, "fields": {"name": "Обувь", "description": "товары категории \"Обувь\""}}, {"model": "catalog.category", "pk": 3, "fields": {"name": "Прочее", "description": "товары категории \"Прочее\""}}, {"model": "catalog.product", "pk": 1, "fields": {"name": "Куртка осенняя (кожа)", "description": "Куртка осенняя (кожа)", "image": "", "category": 1, "price": 4000, "created_at": "2024-03-25T22:55:05Z", "updated_at": "2024-03-25T19:57:00Z", "parent": null, "is_published": false}}, {"model": "catalog.product", "pk": 2, "fields": {"name": "Кроссовки осенние", "description": "р.42", "image": "", "category": 2, "price": 1500, "created_at": "2024-03-25T22:57:06Z", "updated_at": "2024-05-06T19:37:18.228Z", "parent": null, "is_published": true}}, {"model": "catalog.product", "pk": 3, "fields": {"name": "Сумка дамская", "description": "Сумка дамская плетеная", "image": "", "category": 3, "price": 2000, "created_at": "2024-03-25T22:58:14Z", "updated_at": "2024-05-06T19:37:10.178Z", "parent": 14, "is_published": true}}, {"model": "catalog.product", "pk": 4, "fields": {"name": "Кроссовки летние", "description": "кроссовки, верх сеточка", "image": "", "category": 2, "price": 2500, "created_at": "2024-03-27T14:01:49Z", "updated_at": "2024-05-06T19:37:06.062Z", "parent": null, "is_published": true}}, {"model": "catalog.product", "pk": 5, "fields": {"name": "Толстовка", "description": "Толстовка цвет хаки", "image": "", "category": 1, "price": 2100, "created_at": "2024-03-27T14:03:18Z", "updated_at": "2024-03-27T14:03:24Z", "parent": null, "is_published": false}}, {"model": "catalog.product", "pk": 8, "fields": {"name": "Вешалка из дерева", "description": "Вешалка для одежды (дерево)", "image": "products/4.jpg", "category": 3, "price": 200, "created_at": "2024-04-03T22:09:55Z", "updated_at": "2024-05-06T19:36:53.713Z", "parent": 14, "is_published": true}}, {"model": "catalog.product", "pk": 9, "fields": {"name": "Вешалка", "description": "Вешалка из пластика черная", "image": "products/z985561_0.jpg", "category": 3, "price": 150, "created_at": "2024-04-03T22:30:30Z", "updated_at": "2024-05-07T16:23:26.754Z", "parent": 14, "is_published": true}}, {"model": "catalog.product", "pk": 10, "fields": {"name": "Полка2", "description": "Полка для ключей", "image": "", "category": 3, "price": 500, "created_at": "2024-05-05T07:31:05.757Z", "updated_at": "2024-05-09T09:53:39.086Z", "parent": 12, "is_published": true}}, {"model": "catalog.product", "pk": 11, "fields": {"name": "Столик", "description": "Столик металлический", "image": "", "category": 3, "price": 1500, "created_at": "2024-05-05T08:02:56.006Z", "updated_at": "2024-05-07T15:58:28.231Z", "parent": 13, "is_published": true}}, {"model": "catalog.version", "pk": 3, "fields": {"product": 9, "number": "1.2", "name": "Премиум", "current_version": true}}, {"model": "catalog.version", "pk": 4, "fields": {"product": 8, "number": "1.1", "name": "Стандарт", "current_version": true}}, {"model": "catalog.version", "pk": 6, "fields": {"product": 5, "number": "1.0", "name": "Новинка", "current_version": true}}, {"model": "catalog.version", "pk": 7, "fields": {"product": 5, "number": "1.2", "name": "Стандарт", "current_version": false}}, {"model": "catalog.version", "pk": 12, "fields": {"product": 4, "number": "1.0", "name": "Стандарт", "current_version": false}}, {"model": "catalog.version", "pk": 17, "fields": {"product": 2, "number": "1.0", "name": "Осень", "current_version": true}}, {"model": "catalog.version", "pk": 18, "fields": {"product": 4, "number": "2", "name": "Лето", "current_version": true}}, {"model": "catalog.version", "pk": 19, "fields": {"product": 9, "number": "4", "name": "Четвертая", "current_version": false}}, {"model": "catalog.version", "pk": 20, "fields": {"product": 9, "number": "5", "name": "Пятая", "current_version": false}}, {"model": "catalog.version", "pk": 21, "fields": {"product": 3, "number": "1.0", "name": "Стандарт", "current_version": true}}, {"model": "catalog.version", "pk": 22, "fields": {"product": 10, "number": "1", "name": "Стандарт", "current_version": true}}, {"model": "catalog.version", "pk": 23, "fields": {"product": 11, "number": "1", "name": "Стандарт", "current_version": true}}, {"model": "catalog.version", "pk": 24, "fields": {"product": 11, "number": "1.2", "name": "Новинка", "current_version": false}}, {"model": "blog.post", "pk": 1, "fields": {"title": "Проба пера!", "slug": "proba-pera", "description": "Просто текст для проверки", "preview": "", "created_at": "2024-04-10", "is_published": true, "count_view": 4, "author": 14}}, {"model": "blog.post", "pk": 2, "fields": {"title": "Вторая запись блога", "slug": "vtoraya-zapis-bloga", "description": "Текст второй записи...!!!", "preview": "", "created_at": "2024-04-10", "is_published": true, "count_view": 12, "author": 14}}, {"model": "blog.post", "pk": 3, "fields": {"title": "Третья запись", "slug": "tretya-zapis", "description": "Текст этой записи......", "preview": "", "created_at": "2024-04-11", "is_published": true, "count_view": 41, "author": 14}}, {"model": "blog.post", "pk": 5, "fields": {"title": "Четвертая запись", "slug": "chetvertaya-zapis", "description": "илсюикулфыидмтыЖМтДмдтуттмЖЬМжуЬмждлтмдлмтывдв  дв двл д вдл д вючь  в б аджав мюДЖб\r\nабьда мыюьи эаыжь авж ю ч \r\n ав  ювь.бч \r\nач чю юч .ч", "preview": "", "created_at": "2024-04-11", "is_published": false, "count_view": 6, "author": 14}}, {"model": "blog.post", "pk": 6, "fields": {"title": "Пятая статья", "slug": "Pyataya", "description": "Просто текст", "preview": "", "created_at": "2024-05-07", "is_published": false, "count_view": 11, "author": 14}}, {"model": "blog.post", "pk": 20, "fields": {"title": "Шестая запись", "slug": "shestaya-zapis", "description": "Текст шестой записи", "preview": "", "created_at": "2024-05-09", "is_published": true, "count_view": 3, "author": 12}}, {"model": "users.user", "pk": 1, "fields": {"password": "pbkdf2_sha256$600000$vIUJ5uTeP189NtjOKest05$qWPdBoYW4Dys6GcCJsn2WV26yBgRgsjmKM/QoM7hEwM=", "last_login": "2024-05-09T10:59:31.471Z", "is_superuser": true, "first_name": "Admin", "last_name": "Vilkov", "is_staff": true, "is_active": true, "date_joined": "2024-05-02T19:49:38.845Z", "email": "vilkov-l-nn@yandex.ru", "phone": null, "avatar": "", "country": "Россия", "groups": [], "user_permissions": []}}, {"model": "users.user", "pk": 2, "fields": {"password": "pbkdf2_sha256$600000$Jn079VC6rxf0uKKYmiJndf$wG/qIxEtkU+hM3m0FbHTL+URlCc+eNPK+r9yQppRDHg=", "last_login": "2024-05-02T21:36:49.986Z", "is_superuser": false, "first_name": "", "last_name": "", "is_staff": false, "is_active": true, "date_joined": "2024-05-02T21:33:29.177Z", "email": "test1@yandex.ru", "phone": null, "avatar": "", "country": "", "groups": [], "user_permissions": []}}, {"model": "users.user", "pk": 12, "fields": {"password": "pbkdf2_sha256$600000$Dn338FyimoRarr5iJrSIQI$hQhfoc/TQpnIE/UO7EC8PBq6YPmUI+lfqUnFCKmBWrw=", "last_login": "2024-05-09T13:27:02.310Z", "is_superuser": false, "first_name": "", "last_name": "", "is_staff": true, "is_active": true, "date_joined": "2024-05-08T14:52:09Z", "email": "user1@test.com", "phone": null, "avatar": "", "country": null, "groups": [2], "user_permissions": [29, 59, 58, 30, 31, 57, 32]}}, {"model": "users.user", "pk": 13, "fields": {"password": "pbkdf2_sha256$600000$Dn338FyimoRarr5iJrSIQI$hQhfoc/TQpnIE/UO7EC8PBq6YPmUI+lfqUnFCKmBWrw=", "last_login": "2024-05-09T13:46:23.203Z", "is_superuser": false, "first_name": "", "last_name": "", "is_staff": true, "is_active": true, "date_joined": "2024-05-08T14:56:07Z", "email": "user2@test.com", "phone": null, "avatar": "", "country": null, "groups": [3], "user_permissions": [29, 59, 58, 30, 31, 57, 32]}}, {"model": "users.user", "pk": 14, "fields": {"password": "pbkdf2_sha256$600000$Dn338FyimoRarr5iJrSIQI$hQhfoc/TQpnIE/UO7EC8PBq6YPmUI+lfqUnFCKmBWrw=", "last_login": "2024-05-09T13:12:26.663Z", "is_superuser": false, "first_name": "", "last_name": "", "is_staff": false, "is_active": true, "date_joined": "2024-05-08T14:57:22Z", "email": "user3@test.com", "phone": null, "avatar": "", "country": null, "groups": [], "user_permissions": [29, 59, 58, 30, 31, 57, 32]}}, {"model": "users.user", "pk": 15, "fields": {"password": "pbkdf2_sha256$600000$Dn338FyimoRarr5iJrSIQI$hQhfoc/TQpnIE/UO7EC8PBq6YPmUI+lfqUnFCKmBWrw=", "last_login": "2024-05-09T12:47:29.005Z", "is_superuser": true, "first_name": "", "last_name": "", "is_staff": true, "is_active": true, "date_joined": "2024-05-09T11:01:21Z", "email": "admin@test.com", "phone": null, "avatar": "", "country": null, "groups": [], "user_permissions": []}}]